hkanji	jis	unicode
亜	3021	U4e9c
哀	3025	U54c0
愛	3026	U611b
圧	3035	U5727
扱	3037	U6271
安	3042	U5b89
暗	3045	U6697
案	3046	U6848
委	3051	U59d4
威	3052	U5a01
尉	3053	U5c09
意	3055	U610f
慰	3056	U6170
易	3057	U6613
為	3059	U70ba
衣	3061	U8863
違	3063	U9055
遺	3064	U907a
医	3065	U533b
井	3066	U4e95
域	3068	U57df
育	3069	U80b2
稲	3070	U7a32
芋	3072	U828b
印	3075	U5370
員	3077	U54e1
因	3078	U56e0
姻	3079	U59fb
院	3121	U9662
陰	3122	U9670
隠	3123	U96a0
韻	3124	U97fb
右	3126	U53f3
宇	3127	U5b87
羽	3129	U7fbd
渦	3132	U6e26
雲	3140	U96f2
営	3144	U55b6
影	3146	U5f71
映	3147	U6620
栄	3149	U6804
英	3151	U82f1
衛	3152	U885b
詠	3153	U8a60
鋭	3154	U92ed
液	3155	U6db2
疫	3156	U75ab
益	3157	U76ca
駅	3158	U99c5
悦	3159	U60a6
園	3160	U5712
宴	3163	U5bb4
延	3164	U5ef6
援	3167	U63f4
沿	3168	U6cbf
演	3169	U6f14
遠	3173	U9060
鉛	3174	U925b
塩	3176	U5869
汚	3178	U6c5a
押	3221	U62bc
横	3223	U6a2a
欧	3224	U6b27
殴	3225	U6bb4
王	3226	U738b
翁	3227	U7fc1
屋	3230	U5c4b
憶	3231	U61b6
乙	3235	U4e59
卸	3237	U5378
恩	3238	U6069
温	3239	U6e29
価	3241	U4fa1
佳	3242	U4f73
加	3243	U52a0
可	3244	U53ef
夏	3246	U590f
嫁	3247	U5ac1
家	3248	U5bb6
寡	3249	U5be1
火	3250	U706b
禍	3252	U798d
稼	3254	U7a3c
箇	3255	U7b87
花	3256	U82b1
荷	3259	U8377
過	3261	U904e
蚊	3263	U868a
我	3266	U6211
画	3268	U753b
介	3270	U4ecb
会	3271	U4f1a
解	3272	U89e3
回	3273	U56de
塊	3274	U584a
壊	3275	U58ca
快	3277	U5feb
怪	3278	U602a
悔	3279	U6094
械	3323	U68b0
海	3324	U6d77
灰	3325	U7070
界	3326	U754c
皆	3327	U7686
絵	3328	U7d75
外	3330	U5916
害	3332	U5bb3
慨	3334	U6168
概	3335	U6982
涯	3336	U6daf
街	3339	U8857
垣	3340	U57a3
嚇	3345	U5687
各	3346	U5404
拡	3348	U62e1
覚	3350	U899a
角	3351	U89d2
較	3353	U8f03
郭	3354	U90ed
閣	3355	U95a3
隔	3356	U9694
革	3357	U9769
学	3358	U5b66
岳	3359	U5cb3
潟	3363	U6f5f
割	3364	U5272
喝	3365	U559d
括	3367	U62ec
活	3368	U6d3b
渇	3369	U6e07
株	3374	U682a
刈	3422	U5208
乾	3425	U4e7e
冠	3427	U51a0
寒	3428	U5bd2
刊	3429	U520a
完	3430	U5b8c
官	3431	U5b98
寛	3432	U5bdb
干	3433	U5e72
幹	3434	U5e79
患	3435	U60a3
感	3436	U611f
慣	3437	U6163
憾	3438	U61be
換	3439	U63db
汗	3440	U6c57
漢	3441	U6f22
環	3444	U74b0
甘	3445	U7518
監	3446	U76e3
看	3447	U770b
管	3449	U7ba1
観	3451	U89b3
貫	3453	U8cab
還	3454	U9084
鑑	3455	U9451
間	3456	U9593
閑	3457	U9591
関	3458	U95a2
陥	3459	U9665
眼	3463	U773c
岩	3464	U5ca9
頑	3468	U9811
顔	3469	U9854
基	3470	U57fa
奇	3471	U5947
寄	3473	U5bc4
岐	3474	U5c90
希	3475	U5e0c
幾	3476	U5e7e
忌	3477	U5fcc
揮	3478	U63ee
机	3479	U673a
機	3521	U6a5f
帰	3522	U5e30
気	3524	U6c17
汽	3525	U6c7d
祈	3527	U7948
季	3528	U5b63
軌	3530	U8ecc
輝	3531	U8f1d
飢	3532	U98e2
騎	3533	U9a0e
鬼	3534	U9b3c
偽	3536	U507d
儀	3537	U5100
宜	3539	U5b9c
義	3541	U7fa9
議	3544	U8b70
菊	3546	U83ca
吉	3548	U5409
却	3551	U5374
客	3552	U5ba2
脚	3553	U811a
虐	3554	U8650
逆	3555	U9006
丘	3556	U4e18
久	3557	U4e45
休	3559	U4f11
汲	3560	U673d
泣	3563	U6ce3
球	3565	U7403
究	3566	U7a76
窮	3567	U7aae
級	3569	U7d1a
巨	3570	U5de8
拒	3571	U62d2
拠	3572	U62e0
挙	3573	U6319
虚	3575	U865a
許	3576	U8a31
距	3577	U8ddd
漁	3579	U6f01
供	3621	U4f9b
競	3625	U7af6
共	3626	U5171
凶	3627	U51f6
協	3628	U5354
恐	3632	U6050
恭	3633	U606d
挟	3634	U631f
教	3635	U6559
橋	3636	U6a4b
況	3637	U6cc1
狂	3638	U72c2
狭	3639	U72ed
鏡	3640	U93e1
響	3641	U97ff
驚	3643	U9a5a
仰	3644	U4ef0
凝	3645	U51dd
暁	3647	U6681
業	3648	U696d
局	3649	U5c40
勤	3650	U52e4
均	3651	U5747
斤	3654	U65a4
琴	3657	U7434
禁	3658	U7981
謹	3660	U8b39
近	3661	U8fd1
金	3662	U91d1
吟	3663	U541f
銀	3664	U9280
九	3665	U4e5d
句	3667	U53e5
区	3668	U533a
具	3671	U5177
愚	3672	U611a
虞	3673	U865e
空	3675	U7a7a
偶	3676	U5076
遇	3678	U9047
隅	3679	U9685
掘	3721	U6398
靴	3724	U9774
薫	3730	U85ab
訓	3731	U8a13
群	3732	U7fa4
軍	3733	U8ecd
郡	3734	U90e1
係	3738	U4fc2
傾	3739	U50be
契	3740	U5951
形	3741	U5f62
径	3742	U5f84
恵	3743	U6075
慶	3744	U6176
憩	3746	U61a9
掲	3747	U63b2
携	3748	U643a
敬	3749	U656c
経	3750	U7d4c
継	3751	U7d99
茎	3754	U830e
蛍	3756	U86cd
計	3757	U8a08
警	3759	U8b66
劇	3760	U5287
撃	3762	U6483
激	3763	U6fc0
傑	3766	U5091
欠	3767	U6b20
決	3768	U6c7a
潔	3769	U6f54
倹	3770	U5039
健	3772	U5065
兼	3773	U517c
券	3774	U5238
剣	3775	U5263
圏	3777	U570f
堅	3778	U5805
嫌	3779	U5acc
検	3821	U691c
権	3822	U6a29
犬	3824	U72ac
献	3825	U732e
研	3826	U7814
絹	3828	U7d79
県	3829	U770c
険	3831	U967a
顕	3832	U9855
験	3833	U9a13
元	3835	U5143
原	3836	U539f
厳	3837	U53b3
幻	3838	U5e7b
弦	3839	U5f26
言	3840	U8a00
限	3842	U9650
個	3844	U500b
古	3845	U53e4
呼	3846	U547c
固	3847	U56fa
孤	3849	U5b64
湖	3850	U6e56
誇	3858	U8a87
午	3861	U5348
呉	3862	U5449
娯	3864	U5a2f
後	3865	U5f8c
御	3866	U5fa1
悟	3867	U609f
交	3872	U4ea4
侯	3874	U4faf
候	3875	U5019
光	3877	U5149
公	3878	U516c
功	3879	U529f
后	3921	U540e
坑	3923	U5751
好	3925	U597d
孔	3926	U5b54
孝	3927	U5b5d
工	3929	U5de5
恒	3931	U6052
慌	3932	U614c
抗	3933	U6297
拘	3934	U62d8
控	3935	U63a7
攻	3936	U653b
更	3939	U66f4
港	3941	U6e2f
溝	3942	U6e9d
甲	3943	U7532
皇	3944	U7687
硬	3945	U786c
稿	3946	U7a3f
紅	3948	U7d05
航	3952	U822a
荒	3953	U8352
行	3954	U884c
衡	3955	U8861
講	3956	U8b1b
貢	3957	U8ca2
購	3958	U8cfc
郊	3959	U90ca
項	3960	U9805
香	3961	U9999
高	3962	U9ad8
剛	3964	U525b
号	3966	U53f7
合	3967	U5408
拷	3969	U62f7
告	3970	U544a
国	3971	U56fd
穀	3972	U7a40
酷	3973	U9177
黒	3975	U9ed2
獄	3976	U7344
腰	3978	U8170
澄	4021	U6f84
寸	4023	U5bf8
世	4024	U4e16
瀬	4025	U702c
畝	4026	U755d
是	4027	U662f
制	4029	U5236
整	4030	U6574
星	4031	U661f
晴	4032	U6674
正	4035	U6b63
清	4036	U6e05
牲	4037	U7272
生	4038	U751f
盛	4039	U76db
誓	4040	U8a93
請	4041	U8acb
逝	4042	U901d
青	4044	U9752
静	4045	U9759
斉	4046	U6589
税	4047	U7a0e
隻	4049	U96bb
石	4050	U77f3
積	4051	U7a4d
籍	4052	U7c4d
績	4053	U7e3e
責	4055	U8cac
赤	4056	U8d64
跡	4057	U8de1
窃	4060	U7a83
節	4061	U7bc0
説	4062	U8aac
雪	4063	U96ea
絶	4064	U7d76
舌	4065	U820c
仙	4067	U4ed9
先	4068	U5148
千	4069	U5343
扇	4070	U6247
栓	4072	U6813
泉	4074	U6cc9
浅	4075	U6d45
洗	4076	U6d17
染	4077	U67d3
潜	4078	U6f5c
繊	4121	U7e4a
船	4125	U8239
薦	4126	U85a6
践	4129	U8df5
前	4130	U524d
善	4131	U5584
漸	4132	U6f38
然	4133	U7136
全	4134	U5168
禅	4135	U7985
繕	4136	U7e55
疎	4142	U758e
礎	4143	U790e
祖	4144	U7956
租	4145	U79df
粗	4146	U7c97
素	4147	U7d20
組	4148	U7d44
双	4150	U53cc
倉	4152	U5009
喪	4153	U55aa
壮	4154	U58ee
奏	4155	U594f
層	4158	U5c64
操	4160	U64cd
早	4161	U65e9
曹	4162	U66f9
巣	4163	U5de3
槽	4165	U69fd
燥	4167	U71e5
争	4168	U4e89
草	4170	U8349
荘	4171	U8358
葬	4172	U846c
藻	4174	U85fb
装	4175	U88c5
走	4176	U8d70
送	4177	U9001
遭	4178	U906d
臓	4221	U81d3
蔵	4222	U8535
贈	4223	U8d08
造	4224	U9020
促	4225	U4fc3
側	4226	U5074
則	4227	U5247
即	4228	U5373
息	4229	U606f
属	4230	U5c5e
賊	4231	U8cca
族	4232	U65cf
続	4233	U7d9a
卒	4234	U5352
存	4238	U5b58
孫	4239	U5b6b
太	4240	U592a
堕	4244	U5815
妥	4245	U59a5
惰	4246	U60f0
打	4247	U6253
対	4250	U5bfe
耐	4251	U8010
帯	4253	U5e2f
待	4254	U5f85
怠	4255	U6020
態	4256	U614b
替	4258	U66ff
泰	4259	U6cf0
退	4260	U9000
逮	4261	U902e
隊	4262	U968a
代	4265	U4ee3
台	4266	U53f0
大	4267	U5927
第	4268	U7b2c
宅	4270	U5b85
択	4272	U629e
拓	4273	U62d3
沢	4274	U6ca2
濯	4275	U6fef
託	4277	U8a17
濁	4279	U6fc1
但	4322	U4f46
達	4323	U9054
奪	4325	U596a
脱	4326	U8131
丹	4330	U4e39
単	4331	U5358
嘆	4332	U5606
担	4334	U62c5
探	4335	U63a2
淡	4338	U6de1
胆	4340	U80c6
誕	4342	U8a95
鍛	4343	U935b
団	4344	U56e3
壇	4345	U58c7
弾	4346	U5f3e
断	4347	U65ad
暖	4348	U6696
恥	4351	U6065
池	4353	U6c60
痴	4354	U75f4
稚	4355	U7a1a
置	4356	U7f6e
致	4357	U81f4
遅	4359	U9045
逐	4360	U9010
秩	4361	U79e9
窒	4362	U7a92
茶	4363	U8336
嫡	4364	U5ae1
着	4365	U7740
中	4366	U4e2d
仲	4367	U4ef2
宙	4368	U5b99
忠	4369	U5fe0
鋳	4372	U92f3
駐	4373	U99d0
著	4378	U8457
貯	4379	U8caf
帳	4422	U5e33
庁	4423	U5e81
弔	4424	U5f14
張	4425	U5f35
彫	4426	U5f6b
徴	4427	U5fb4
懲	4428	U61f2
挑	4429	U6311
聴	4430	U8074
脹	4431	U8139
腸	4432	U8178
調	4434	U8abf
超	4436	U8d85
跳	4437	U8df3
長	4439	U9577
沈	4440	U6c88
珍	4441	U73cd
賃	4442	U8cc3
鎮	4443	U93ae
陳	4444	U9673
津	4445	U6d25
墜	4446	U589c
追	4449	U8ffd
漬	4452	U6f2c
釣	4460	U91e3
亭	4462	U4ead
低	4463	U4f4e
停	4464	U505c
偵	4465	U5075
貞	4467	U8c9e
呈	4468	U5448
堤	4469	U5824
抵	4471	U62b5
提	4473	U63d0
程	4478	U7a0b
締	4479	U7de0
邸	4521	U90b8
泥	4525	U6ce5
摘	4526	U6458
敵	4528	U6575
滴	4529	U6ef4
徹	4530	U5fb9
撤	4531	U64a4
迭	4533	U8fed
鉄	4534	U9244
典	4535	U5178
天	4537	U5929
展	4538	U5c55
店	4539	U5e97
点	4540	U70b9
伝	4541	U4f1d
殿	4542	U6bbf
田	4544	U7530
電	4545	U96fb
吐	4547	U5410
塗	4549	U5857
登	4550	U767b
途	4553	U9014
都	4554	U90fd
努	4558	U52aa
度	4559	U5ea6
凍	4560	U51cd
刀	4561	U5200
唐	4562	U5510
塔	4563	U5854
島	4567	U5cf6
悼	4569	U60bc
盗	4570	U76d7
湯	4572	U6e6f
灯	4574	U706f
当	4576	U5f53
痘	4577	U75d8
等	4579	U7b49
討	4624	U8a0e
謄	4625	U8b04
豆	4626	U8c46
踏	4627	U8e0f
逃	4628	U9003
透	4629	U900f
動	4630	U52d5
同	4631	U540c
堂	4632	U5802
導	4633	U5c0e
洞	4636	U6d1e
童	4638	U7ae5
胴	4639	U80f4
得	4640	U5f97
徳	4641	U5fb3
特	4643	U7279
督	4644	U7763
篤	4646	U7be4
毒	4647	U6bd2
独	4648	U72ec
読	4649	U8aad
屯	4656	U5c6f
内	4662	U5185
軟	4670	U8edf
難	4671	U96e3
二	4673	U4e8c
尼	4674	U5c3c
弐	4675	U5f10
肉	4679	U8089
如	4721	U5982
尿	4722	U5c3f
任	4724	U4efb
妊	4725	U598a
忍	4726	U5fcd
認	4727	U8a8d
念	4730	U5ff5
燃	4733	U71c3
粘	4734	U7c98
農	4740	U8fb2
把	4744	U628a
覇	4746	U8987
波	4748	U6ce2
派	4749	U6d3e
俳	4750	U4ff3
廃	4751	U5ec3
拝	4752	U62dd
排	4753	U6392
敗	4754	U6557
杯	4755	U676f
背	4758	U80cc
肺	4759	U80ba
買	4763	U8cb7
売	4764	U58f2
賠	4765	U8ce0
陪	4766	U966a
泊	4771	U6cca
白	4772	U767d
舶	4775	U8236
薄	4776	U8584
迫	4777	U8feb
漠	4779	U6f20
箱	4822	U7bb1
肌	4829	U808c
髪	4831	U9aea
伐	4832	U4f10
罰	4833	U7f70
抜	4834	U629c
閥	4836	U95a5
帆	4841	U5e06
搬	4842	U642c
板	4844	U677f
版	4847	U7248
犯	4848	U72af
班	4849	U73ed
煩	4851	U7169
頒	4852	U9812
飯	4853	U98ef
晩	4855	U6669
番	4856	U756a
盤	4857	U76e4
彼	4860	U5f7c
悲	4861	U60b2
扉	4862	U6249
批	4863	U6279
披	4864	U62ab
比	4866	U6bd4
泌	4867	U6ccc
疲	4868	U75b2
皮	4869	U76ae
費	4871	U8cbb
避	4872	U907f
非	4873	U975e
飛	4874	U98db
備	4877	U5099
尾	4878	U5c3e
微	4879	U5fae
鼻	4921	U9f3b
匹	4924	U5339
姫	4931	U59eb
百	4934	U767e
俵	4936	U4ff5
標	4938	U6a19
氷	4939	U6c37
描	4941	U63cf
病	4942	U75c5
秒	4943	U79d2
苗	4944	U82d7
賓	4950	U8cd3
頻	4951	U983b
敏	4952	U654f
瓶	4953	U74f6
不	4954	U4e0d
付	4955	U4ed8
夫	4957	U592b
婦	4958	U5a66
富	4959	U5bcc
普	4961	U666e
浮	4962	U6d6e
父	4963	U7236
符	4964	U7b26
腐	4965	U8150
膚	4966	U819a
譜	4968	U8b5c
負	4969	U8ca0
武	4970	U6b66
舞	4971	U821e
部	4974	U90e8
封	4975	U5c01
風	4977	U98a8
勝	3E+21	U52dd
痢	4E+21	U75e2
匠	3E+22	U5320
裏	4E+22	U88cf
升	3E+23	U5347
召	3E+24	U53ec
里	4E+24	U91cc
離	4E+25	U96e2
商	3E+26	U5546
陸	4E+26	U9678
唱	3E+27	U5531
律	4E+27	U5f8b
率	4E+28	U7387
奨	3E+29	U5968
立	4E+29	U7acb
尚	3E+30	U5c1a
留	4E+31	U7559
床	3E+32	U5e8a
硫	4E+32	U786b
粒	4E+33	U7c92
彰	3E+34	U5f70
隆	4E+34	U9686
承	3E+35	U627f
竜	4E+35	U7adc
抄	3E+36	U6284
招	3E+37	U62db
掌	3E+38	U638c
慮	4E+38	U616e
旅	4E+39	U65c5
寮	4E+40	U5bee
料	4E+41	U6599
沼	3E+42	U6cbc
消	3E+43	U6d88
涼	4E+43	U6dbc
渉	3E+44	U6e09
猟	4E+44	U731f
療	4E+45	U7642
焼	3E+46	U713c
焦	3E+47	U7126
照	3E+48	U7167
糧	4E+48	U7ce7
症	3E+49	U75c7
良	4E+49	U826f
笑	3E+50	U7b11
緑	4E+50	U7dd1
粧	3E+51	U7ca7
倫	4E+51	U502b
紹	3E+52	U7d39
厘	4E+52	U5398
肖	3E+53	U8096
林	4E+53	U6797
衝	3E+57	U885d
臨	4E+57	U81e8
輪	4E+58	U8f2a
訟	3E+59	U8a1f
隣	4E+59	U96a3
類	4E+60	U985e
令	4E+61	U4ee4
鐘	3E+62	U9418
障	3E+63	U969c
例	4E+63	U4f8b
冷	4E+64	U51b7
上	3E+65	U4e0a
励	4E+65	U52b1
丈	3E+66	U4e08
乗	3E+68	U4e57
冗	3E+69	U5197
礼	4E+69	U793c
情	3E+70	U60c5
齢	4E+70	U9f62
暦	4E+71	U66a6
条	3E+72	U6761
歴	4E+72	U6b74
列	4E+73	U5217
浄	3E+74	U6d44
劣	4E+74	U52a3
状	3E+75	U72b6
烈	4E+75	U70c8
畳	3E+76	U7573
裂	4E+76	U88c2
廉	4E+77	U5ec9
蒸	3E+78	U84b8
恋	4E+78	U604b
譲	3E+79	U8b72
悪	302D	U60aa
握	302E	U63e1
以	304A	U4ee5
位	304C	U4f4d
依	304D	U4f9d
偉	304E	U5049
囲	304F	U56f2
異	305B	U7570
移	305C	U79fb
維	305D	U7dad
緯	305E	U7def
胃	305F	U80c3
一	306C	U4e00
壱	306D	U58f1
逸	306F	U9038
引	307A	U5f15
飲	307B	U98f2
雨	312B	U96e8
浦	313A	U6d66
運	313F	U904b
永	314A	U6c38
泳	314B	U6cf3
謁	315A	U8b01
越	315B	U8d8a
閲	315C	U95b2
円	315F	U5186
炎	316A	U708e
煙	316C	U7159
猿	316E	U733f
縁	316F	U7e01
凹	317A	U51f9
央	317B	U592e
奥	317C	U5965
往	317D	U5f80
応	317E	U5fdc
黄	322B	U9ec4
沖	322D	U6c96
億	322F	U5104
穏	323A	U7a4f
音	323B	U97f3
下	323C	U4e0b
化	323D	U5316
仮	323E	U4eee
何	323F	U4f55
科	324A	U79d1
暇	324B	U6687
果	324C	U679c
架	324D	U67b6
歌	324E	U6b4c
河	324F	U6cb3
華	325A	U83ef
菓	325B	U83d3
課	325D	U8ab2
貨	325F	U8ca8
芽	326A	U82bd
賀	326C	U8cc0
雅	326D	U96c5
餓	326E	U9913
懐	327B	U61d0
戒	327C	U6212
拐	327D	U62d0
改	327E	U6539
開	332B	U958b
階	332C	U968e
貝	332D	U8c9d
劾	332F	U52be
該	333A	U8a72
格	334A	U683c
核	334B	U6838
殻	334C	U6bbb
獲	334D	U7372
確	334E	U78ba
穫	334F	U7a6b
楽	335A	U697d
額	335B	U984d
掛	335D	U639b
滑	336A	U6ed1
褐	336C	U8910
轄	336D	U8f44
且	336E	U4e14
勘	342A	U52d8
勧	342B	U52e7
巻	342C	U5dfb
喚	342D	U559a
堪	342E	U582a
敢	343A	U6562
棺	343D	U68fa
款	343E	U6b3e
歓	343F	U6b53
簡	344A	U7c21
緩	344B	U7de9
缶	344C	U7f36
肝	344E	U809d
艦	344F	U8266
館	345B	U9928
丸	345D	U4e38
含	345E	U542b
岸	345F	U5cb8
願	346A	U9858
企	346B	U4f01
危	346D	U5371
喜	346E	U559c
器	346F	U5668
旗	347A	U65d7
既	347B	U65e2
期	347C	U671f
棋	347D	U68cb
棄	347E	U68c4
紀	352A	U7d00
規	352C	U898f
記	352D	U8a18
貴	352E	U8cb4
起	352F	U8d77
戯	353A	U622f
技	353B	U6280
擬	353C	U64ec
欺	353D	U6b3a
犠	353E	U72a0
疑	353F	U7591
喫	354A	U55ab
詰	354D	U8a70
及	355A	U53ca
吸	355B	U5438
宮	355C	U5bae
弓	355D	U5f13
急	355E	U6025
救	355F	U6551
糾	356A	U7cfe
給	356B	U7d66
旧	356C	U65e7
牛	356D	U725b
去	356E	U53bb
居	356F	U5c45
魚	357B	U9b5a
享	357D	U4eab
京	357E	U4eac
叫	362B	U53eb
境	362D	U5883
峡	362E	U5ce1
強	362F	U5f37
矯	363A	U77ef
胸	363B	U80f8
脅	363C	U8105
興	363D	U8208
郷	363F	U90f7
曲	364A	U66f2
極	364B	U6975
玉	364C	U7389
筋	365A	U7b4b
緊	365B	U7dca
菌	365D	U83cc
襟	365F	U895f
苦	366C	U82e6
駆	366E	U99c6
屈	367E	U5c48
繰	372B	U7e70
桑	372C	U6851
勲	372E	U52f2
君	372F	U541b
刑	373A	U5211
兄	373B	U5144
啓	373C	U5553
型	373F	U578b
景	374A	U666f
渓	374C	U6e13
系	374F	U7cfb
軽	375A	U8efd
鶏	375C	U9d8f
芸	375D	U82b8
迎	375E	U8fce
鯨	375F	U9be8
穴	376A	U7a74
結	376B	U7d50
血	376C	U8840
月	376E	U6708
件	376F	U4ef6
建	377A	U5efa
憲	377B	U61b2
懸	377C	U61f8
肩	382A	U80a9
見	382B	U898b
謙	382C	U8b19
賢	382D	U8ce2
軒	382E	U8ed2
遣	382F	U9063
減	383A	U6e1b
源	383B	U6e90
玄	383C	U7384
現	383D	U73fe
己	384A	U5df1
庫	384B	U5eab
弧	384C	U5f27
戸	384D	U6238
故	384E	U6545
枯	384F	U67af
雇	385B	U96c7
顧	385C	U9867
鼓	385D	U9f13
五	385E	U4e94
互	385F	U4e92
碁	386B	U7881
語	386C	U8a9e
誤	386D	U8aa4
護	386E	U8b77
効	387A	U52b9
厚	387C	U539a
口	387D	U53e3
向	387E	U5411
巧	392A	U5de7
幸	392C	U5e78
広	392D	U5e83
康	392F	U5eb7
校	393B	U6821
構	393D	U69cb
江	393E	U6c5f
洪	393F	U6d2a
絞	394A	U7d5e
綱	394B	U7db1
耕	394C	U8015
考	394D	U8003
肯	394E	U80af
酵	395A	U9175
鉱	395B	U9271
鋼	395D	U92fc
降	395F	U964d
豪	396B	U8c6a
克	396E	U514b
刻	396F	U523b
骨	397C	U9aa8
込	397E	U8fbc
今	3A23	U4eca
困	3A24	U56f0
墾	3A26	U58be
婚	3A27	U5a5a
恨	3A28	U6068
懇	3A29	U61c7
昆	3A2B	U6606
根	3A2C	U6839
混	3A2E	U6df7
紺	3A30	U7d3a
魂	3A32	U9b42
佐	3A34	U4f50
唆	3A36	U5506
左	3A38	U5de6
差	3A39	U5dee
査	3A3A	U67fb
砂	3A3D	U7802
詐	3A3E	U8a50
鎖	3A3F	U9396
座	3A42	U5ea7
債	3A44	U50b5
催	3A45	U50ac
再	3A46	U518d
最	3A47	U6700
妻	3A4A	U59bb
宰	3A4B	U5bb0
彩	3A4C	U5f69
才	3A4D	U624d
採	3A4E	U63a1
栽	3A4F	U683d
歳	3A50	U6b73
済	3A51	U6e08
災	3A52	U707d
砕	3A55	U7815
祭	3A57	U796d
斎	3A58	U658e
細	3A59	U7d30
菜	3A5A	U83dc
裁	3A5B	U88c1
載	3A5C	U8f09
際	3A5D	U969b
剤	3A5E	U5264
在	3A5F	U5728
材	3A60	U6750
罪	3A61	U7f6a
財	3A62	U8ca1
坂	3A64	U5742
咲	3A69	U54b2
崎	3A6A	U5d0e
作	3A6E	U4f5c
削	3A6F	U524a
搾	3A71	U643e
昨	3A72	U6628
策	3A76	U7b56
索	3A77	U7d22
錯	3A78	U932f
桜	3A79	U685c
冊	3A7D	U518a
刷	3A7E	U5237
察	3B21	U5bdf
撮	3B23	U64ae
擦	3B24	U64e6
札	3B25	U672d
殺	3B26	U6bba
雑	3B28	U96d1
皿	3B2E	U76bf
三	3B30	U4e09
傘	3B31	U5098
参	3B32	U53c2
山	3B33	U5c71
惨	3B34	U60e8
散	3B36	U6563
桟	3B37	U685f
産	3B3A	U7523
算	3B3B	U7b97
蚕	3B3D	U8695
賛	3B3F	U8cdb
酸	3B40	U9178
暫	3B43	U66ab
残	3B44	U6b8b
仕	3B45	U4ed5
伺	3B47	U4f3a
使	3B48	U4f7f
刺	3B49	U523a
司	3B4A	U53f8
史	3B4B	U53f2
嗣	3B4C	U55e3
四	3B4D	U56db
士	3B4E	U58eb
始	3B4F	U59cb
姉	3B50	U59c9
姿	3B51	U59ff
子	3B52	U5b50
市	3B54	U5e02
師	3B55	U5e2b
志	3B56	U5fd7
思	3B57	U601d
指	3B58	U6307
支	3B59	U652f
施	3B5C	U65bd
旨	3B5D	U65e8
枝	3B5E	U679d
止	3B5F	U6b62
死	3B60	U6b7b
氏	3B61	U6c0f
祉	3B63	U7949
私	3B64	U79c1
糸	3B65	U7cf8
紙	3B66	U7d19
紫	3B67	U7d2b
肢	3B68	U80a2
脂	3B69	U8102
至	3B6A	U81f3
視	3B6B	U8996
詞	3B6C	U8a5e
詩	3B6D	U8a69
試	3B6E	U8a66
誌	3B6F	U8a8c
諮	3B70	U8aee
資	3B71	U8cc7
賜	3B72	U8cdc
雌	3B73	U96cc
飼	3B74	U98fc
歯	3B75	U6b6f
事	3B76	U4e8b
似	3B77	U4f3c
侍	3B78	U4f8d
児	3B79	U5150
字	3B7A	U5b57
寺	3B7B	U5bfa
慈	3B7C	U6148
持	3B7D	U6301
時	3B7E	U6642
次	3C21	U6b21
滋	3C22	U6ecb
治	3C23	U6cbb
璽	3C25	U74bd
磁	3C27	U78c1
示	3C28	U793a
耳	3C2A	U8033
自	3C2B	U81ea
辞	3C2D	U8f9e
式	3C30	U5f0f
識	3C31	U8b58
軸	3C34	U8ef8
七	3C37	U4e03
執	3C39	U57f7
失	3C3A	U5931
室	3C3C	U5ba4
湿	3C3E	U6e7f
漆	3C3F	U6f06
疾	3C40	U75be
質	3C41	U8cea
実	3C42	U5b9f
芝	3C47	U829d
舎	3C4B	U820e
写	3C4C	U5199
射	3C4D	U5c04
捨	3C4E	U6368
赦	3C4F	U8d66
斜	3C50	U659c
煮	3C51	U716e
社	3C52	U793e
者	3C54	U8005
謝	3C55	U8b1d
車	3C56	U8eca
遮	3C57	U906e
蛇	3C58	U86c7
邪	3C59	U90aa
借	3C5A	U501f
勺	3C5B	U52fa
尺	3C5C	U5c3a
爵	3C5F	U7235
酌	3C60	U914c
釈	3C61	U91c8
若	3C63	U82e5
寂	3C64	U5bc2
弱	3C65	U5f31
主	3C67	U4e3b
取	3C68	U53d6
守	3C69	U5b88
手	3C6A	U624b
朱	3C6B	U6731
殊	3C6C	U6b8a
狩	3C6D	U72e9
珠	3C6E	U73e0
種	3C6F	U7a2e
趣	3C71	U8da3
酒	3C72	U9152
首	3C73	U9996
儒	3C74	U5112
受	3C75	U53d7
寿	3C77	U5bff
授	3C78	U6388
樹	3C79	U6a39
需	3C7B	U9700
囚	3C7C	U56da
収	3C7D	U53ce
周	3C7E	U5468
宗	3D21	U5b97
就	3D22	U5c31
州	3D23	U5dde
修	3D24	U4fee
愁	3D25	U6101
拾	3D26	U62fe
秀	3D28	U79c0
秋	3D29	U79cb
終	3D2A	U7d42
習	3D2C	U7fd2
臭	3D2D	U81ed
舟	3D2E	U821f
衆	3D30	U8846
襲	3D31	U8972
週	3D35	U9031
酬	3D37	U916c
集	3D38	U96c6
醜	3D39	U919c
住	3D3B	U4f4f
充	3D3C	U5145
十	3D3D	U5341
従	3D3E	U5f93
柔	3D40	U67d4
汁	3D41	U6c41
渋	3D42	U6e0b
獣	3D43	U7363
縦	3D44	U7e26
重	3D45	U91cd
銃	3D46	U9283
叔	3D47	U53d4
宿	3D49	U5bbf
淑	3D4A	U6dd1
祝	3D4B	U795d
縮	3D4C	U7e2e
粛	3D4D	U7c9b
塾	3D4E	U587e
熟	3D4F	U719f
出	3D50	U51fa
術	3D51	U8853
述	3D52	U8ff0
俊	3D53	U4fca
春	3D55	U6625
瞬	3D56	U77ac
准	3D5A	U51c6
循	3D5B	U5faa
旬	3D5C	U65ec
殉	3D5E	U6b89
準	3D60	U6e96
潤	3D61	U6f64
盾	3D62	U76fe
純	3D63	U7d14
巡	3D64	U5de1
遵	3D65	U9075
順	3D67	U9806
処	3D68	U51e6
初	3D69	U521d
所	3D6A	U6240
暑	3D6B	U6691
庶	3D6E	U5eb6
緒	3D6F	U7dd2
署	3D70	U7f72
書	3D71	U66f8
諸	3D74	U8af8
助	3D75	U52a9
叙	3D76	U53d9
女	3D77	U5973
序	3D78	U5e8f
徐	3D79	U5f90
除	3D7C	U9664
傷	3D7D	U50b7
償	3D7E	U511f
宵	3E2C	U5bb5
将	3E2D	U5c06
小	3E2E	U5c0f
少	3E2F	U5c11
昇	3E3A	U6607
昭	3E3C	U662d
晶	3E3D	U6676
松	3E3E	U677e
省	3E4A	U7701
硝	3E4B	U785d
礁	3E4C	U7901
祥	3E4D	U7965
称	3E4E	U79f0
章	3E4F	U7ae0
証	3E5A	U8a3c
詔	3E5B	U8a54
詳	3E5C	U8a73
象	3E5D	U8c61
賞	3E5E	U8cde
剰	3E6A	U5270
城	3E6B	U57ce
場	3E6C	U5834
壌	3E6D	U58cc
嬢	3E6E	U5b22
常	3E6F	U5e38
醸	3E7A	U91b8
錠	3E7B	U9320
嘱	3E7C	U5631
飾	3E7E	U98fe
植	3F22	U690d
殖	3F23	U6b96
織	3F25	U7e54
職	3F26	U8077
色	3F27	U8272
触	3F28	U89e6
食	3F29	U98df
辱	3F2B	U8fb1
伸	3F2D	U4f38
信	3F2E	U4fe1
侵	3F2F	U4fb5
唇	3F30	U5507
娠	3F31	U5a20
寝	3F32	U5bdd
審	3F33	U5be9
心	3F34	U5fc3
慎	3F35	U614e
振	3F36	U632f
新	3F37	U65b0
森	3F39	U68ee
浸	3F3B	U6d78
深	3F3C	U6df1
申	3F3D	U7533
真	3F3F	U771f
神	3F40	U795e
紳	3F42	U7d33
臣	3F43	U81e3
薪	3F45	U85aa
親	3F46	U89aa
診	3F47	U8a3a
身	3F48	U8eab
辛	3F49	U8f9b
進	3F4A	U9032
針	3F4B	U91dd
震	3F4C	U9707
人	3F4D	U4eba
仁	3F4E	U4ec1
刃	3F4F	U5203
尋	3F52	U5c0b
甚	3F53	U751a
尽	3F54	U5c3d
迅	3F57	U8fc5
陣	3F58	U9663
酢	3F5D	U9162
図	3F5E	U56f3
吹	3F61	U5439
垂	3F62	U5782
帥	3F63	U5e25
推	3F64	U63a8
水	3F65	U6c34
炊	3F66	U708a
睡	3F67	U7761
粋	3F68	U7c8b
衰	3F6A	U8870
遂	3F6B	U9042
酔	3F6C	U9154
錘	3F6E	U9318
随	3F6F	U968f
髄	3F71	U9ac4
崇	3F72	U5d07
数	3F74	U6570
枢	3F75	U67a2
据	3F78	U636e
杉	3F79	U6749
勢	402A	U52e2
姓	402B	U59d3
征	402C	U5f81
性	402D	U6027
成	402E	U6210
政	402F	U653f
精	403A	U7cbe
聖	403B	U8056
声	403C	U58f0
製	403D	U88fd
西	403E	U897f
誠	403F	U8aa0
席	404A	U5e2d
惜	404B	U60dc
斥	404D	U65a5
昔	404E	U6614
析	404F	U6790
切	405A	U5207
拙	405B	U62d9
接	405C	U63a5
摂	405D	U6442
折	405E	U6298
設	405F	U8a2d
占	406A	U5360
宣	406B	U5ba3
専	406C	U5c02
川	406E	U5ddd
戦	406F	U6226
旋	407B	U65cb
線	407E	U7dda
選	412A	U9078
遷	412B	U9077
銭	412C	U92ad
銑	412D	U9291
鮮	412F	U9bae
塑	413A	U5851
措	413C	U63aa
訴	414A	U8a34
阻	414B	U963b
僧	414E	U50e7
創	414F	U5275
想	415B	U60f3
捜	415C	U635c
掃	415D	U6383
挿	415E	U633f
相	416A	U76f8
窓	416B	U7a93
総	416D	U7dcf
霜	417A	U971c
騒	417B	U9a12
像	417C	U50cf
増	417D	U5897
憎	417E	U618e
束	422B	U675f
測	422C	U6e2c
足	422D	U8db3
速	422E	U901f
俗	422F	U4fd7
尊	423A	U5c0a
損	423B	U640d
村	423C	U6751
他	423E	U4ed6
多	423F	U591a
駄	424C	U99c4
体	424E	U4f53
滞	425A	U6ede
胎	425B	U80ce
袋	425E	U888b
貸	425F	U8cb8
題	426A	U984c
滝	426C	U6edd
卓	426E	U5353
諾	427A	U8afe
棚	432A	U68da
谷	432B	U8c37
炭	433A	U70ad
短	433B	U77ed
端	433C	U7aef
段	434A	U6bb5
男	434B	U7537
談	434C	U8ac7
値	434D	U5024
知	434E	U77e5
地	434F	U5730
築	435B	U7bc9
畜	435C	U755c
竹	435D	U7af9
蓄	435F	U84c4
抽	436A	U62bd
昼	436B	U663c
柱	436C	U67f1
注	436D	U6ce8
虫	436E	U866b
衷	436F	U8877
丁	437A	U4e01
兆	437B	U5146
朝	442B	U671d
潮	442C	U6f6e
町	442E	U753a
眺	442F	U773a
頂	443A	U9802
鳥	443B	U9ce5
勅	443C	U52c5
直	443E	U76f4
朕	443F	U6715
痛	444B	U75db
通	444C	U901a
塚	444D	U585a
坪	445A	U576a
定	446A	U5b9a
帝	446B	U5e1d
底	446C	U5e95
庭	446D	U5ead
廷	446E	U5ef7
弟	446F	U5f1f
艇	447A	U8247
訂	447B	U8a02
逓	447E	U9013
的	452A	U7684
笛	452B	U7b1b
適	452C	U9069
哲	452F	U54f2
添	453A	U6dfb
転	453E	U8ee2
徒	454C	U5f92
斗	454D	U6597
渡	454F	U6e21
土	455A	U571f
奴	455B	U5974
怒	455C	U6012
倒	455D	U5012
党	455E	U515a
冬	455F	U51ac
投	456A	U6295
搭	456B	U642d
東	456C	U6771
桃	456D	U6843
棟	456F	U68df
答	457A	U7b54
筒	457B	U7b52
糖	457C	U7cd6
統	457D	U7d71
到	457E	U5230
陶	462B	U9676
頭	462C	U982d
騰	462D	U9a30
闘	462E	U95d8
働	462F	U50cd
道	463B	U9053
銅	463C	U9285
峠	463D	U5ce0
匿	463F	U533f
凸	464C	U51f8
突	464D	U7a81
届	464F	U5c4a
豚	465A	U8c5a
曇	465E	U66c7
鈍	465F	U920d
縄	466C	U7e04
南	466E	U5357
日	467C	U65e5
乳	467D	U4e73
入	467E	U5165
寧	472B	U5be7
猫	472D	U732b
熱	472E	U71b1
年	472F	U5e74
悩	473A	U60a9
濃	473B	U6fc3
納	473C	U7d0d
能	473D	U80fd
脳	473E	U8133
破	474B	U7834
婆	474C	U5a46
馬	474F	U99ac
輩	475A	U8f29
配	475B	U914d
倍	475C	U500d
培	475D	U57f9
媒	475E	U5a92
梅	475F	U6885
伯	476C	U4f2f
博	476E	U535a
拍	476F	U62cd
爆	477A	U7206
縛	477B	U7e1b
麦	477E	U9ea6
畑	482A	U7551
八	482C	U516b
鉢	482D	U9262
発	482F	U767a
伴	483C	U4f34
判	483D	U5224
半	483E	U534a
反	483F	U53cd
畔	484A	U7554
繁	484B	U7e41
般	484C	U822c
藩	484D	U85e9
販	484E	U8ca9
範	484F	U7bc4
蛮	485A	U86ee
卑	485C	U5351
否	485D	U5426
妃	485E	U5983
碑	486A	U7891
秘	486B	U79d8
罷	486D	U7f77
肥	486E	U80a5
被	486F	U88ab
美	487E	U7f8e
必	492C	U5fc5
筆	492E	U7b46
漂	493A	U6f02
票	493C	U7968
表	493D	U8868
評	493E	U8a55
品	494A	U54c1
浜	494D	U6d5c
貧	494F	U8ca7
布	495B	U5e03
府	495C	U5e9c
怖	495D	U6016
扶	495E	U6276
敷	495F	U6577
賦	496A	U8ce6
赴	496B	U8d74
附	496D	U9644
侮	496E	U4fae
伏	497A	U4f0f
副	497B	U526f
復	497C	U5fa9
幅	497D	U5e45
服	497E	U670d
福	4A21	U798f
腹	4A22	U8179
複	4A23	U8907
覆	4A24	U8986
払	4A27	U6255
沸	4A28	U6cb8
仏	4A29	U4ecf
物	4A2A	U7269
分	4A2C	U5206
噴	4A2E	U5674
墳	4A2F	U58b3
憤	4A30	U61a4
奮	4A33	U596e
粉	4A34	U7c89
紛	4A36	U7d1b
雰	4A37	U96f0
文	4A38	U6587
聞	4A39	U805e
丙	4A3A	U4e19
併	4A3B	U4f75
兵	4A3C	U5175
塀	4A3D	U5840
幣	4A3E	U5e63
平	4A3F	U5e73
弊	4A40	U5f0a
柄	4A41	U67c4
並	4A42	U4e26
閉	4A44	U9589
陛	4A45	U965b
米	4A46	U7c73
壁	4A49	U58c1
癖	4A4A	U7656
別	4A4C	U5225
偏	4A50	U504f
変	4A51	U5909
片	4A52	U7247
編	4A54	U7de8
辺	4A55	U8fba
返	4A56	U8fd4
遍	4A57	U904d
便	4A58	U4fbf
勉	4A59	U52c9
弁	4A5B	U5f01
保	4A5D	U4fdd
舗	4A5E	U8217
捕	4A61	U6355
歩	4A62	U6b69
補	4A64	U88dc
穂	4A66	U7a42
募	4A67	U52df
墓	4A68	U5893
慕	4A69	U6155
暮	4A6B	U66ae
母	4A6C	U6bcd
簿	4A6D	U7c3f
倣	4A6F	U5023
俸	4A70	U4ff8
包	4A71	U5305
報	4A73	U5831
奉	4A74	U5949
宝	4A75	U5b9d
峰	4A76	U5cf0
崩	4A78	U5d29
抱	4A7A	U62b1
放	4A7C	U653e
方	4A7D	U65b9
法	4B21	U6cd5
泡	4B22	U6ce1
砲	4B24	U7832
縫	4B25	U7e2b
胞	4B26	U80de
芳	4B27	U82b3
褒	4B2B	U8912
訪	4B2C	U8a2a
豊	4B2D	U8c4a
邦	4B2E	U90a6
飽	4B30	U98fd
乏	4B33	U4e4f
亡	4B34	U4ea1
傍	4B35	U508d
剖	4B36	U5256
坊	4B37	U574a
妨	4B38	U59a8
帽	4B39	U5e3d
忘	4B3A	U5fd8
忙	4B3B	U5fd9
房	4B3C	U623f
暴	4B3D	U66b4
望	4B3E	U671b
某	4B3F	U67d0
棒	4B40	U68d2
冒	4B41	U5192
紡	4B42	U7d21
肪	4B43	U80aa
膨	4B44	U81a8
謀	4B45	U8b00
貿	4B47	U8cbf
防	4B49	U9632
北	4B4C	U5317
僕	4B4D	U50d5
墨	4B4F	U58a8
撲	4B50	U64b2
朴	4B51	U6734
牧	4B52	U7267
没	4B57	U6ca1
堀	4B59	U5800
奔	4B5B	U5954
本	4B5C	U672c
翻	4B5D	U7ffb
凡	4B5E	U51e1
盆	4B5F	U76c6
摩	4B60	U6469
磨	4B61	U78e8
魔	4B62	U9b54
麻	4B63	U9ebb
埋	4B64	U57cb
妹	4B65	U59b9
枚	4B67	U679a
毎	4B68	U6bce
幕	4B6B	U5e55
膜	4B6C	U819c
又	4B74	U53c8
抹	4B75	U62b9
末	4B76	U672b
繭	4B7A	U7e6d
万	4B7C	U4e07
慢	4B7D	U6162
満	4B7E	U6e80
漫	4C21	U6f2b
味	4C23	U5473
未	4C24	U672a
魅	4C25	U9b45
岬	4C28	U5cac
密	4C29	U5bc6
脈	4C2E	U8108
妙	4C2F	U5999
民	4C31	U6c11
眠	4C32	U7720
務	4C33	U52d9
夢	4C34	U5922
無	4C35	U7121
矛	4C37	U77db
霧	4C38	U9727
婿	4C3B	U5a7f
娘	4C3C	U5a18
名	4C3E	U540d
命	4C3F	U547d
明	4C40	U660e
盟	4C41	U76df
迷	4C42	U8ff7
銘	4C43	U9298
鳴	4C44	U9cf4
滅	4C47	U6ec5
免	4C48	U514d
綿	4C4A	U7dbf
面	4C4C	U9762
模	4C4F	U6a21
茂	4C50	U8302
妄	4C51	U5984
毛	4C53	U6bdb
猛	4C54	U731b
盲	4C55	U76f2
網	4C56	U7db2
耗	4C57	U8017
木	4C5A	U6728
黙	4C5B	U9ed9
目	4C5C	U76ee
戻	4C61	U623b
問	4C64	U554f
紋	4C66	U7d0b
門	4C67	U9580
匁	4C68	U5301
夜	4C6B	U591c
野	4C6E	U91ce
矢	4C70	U77e2
厄	4C71	U5384
役	4C72	U5f79
約	4C73	U7d04
薬	4C74	U85ac
訳	4C75	U8a33
躍	4C76	U8e8d
柳	4C78	U67f3
愉	4C7B	U6109
油	4C7D	U6cb9
癒	4C7E	U7652
諭	4D21	U8aed
輸	4D22	U8f38
唯	4D23	U552f
優	4D25	U512a
勇	4D26	U52c7
友	4D27	U53cb
幽	4D29	U5e7d
悠	4D2A	U60a0
憂	4D2B	U6182
有	4D2D	U6709
猶	4D31	U7336
由	4D33	U7531
裕	4D35	U88d5
誘	4D36	U8a98
遊	4D37	U904a
郵	4D39	U90f5
雄	4D3A	U96c4
融	4D3B	U878d
夕	4D3C	U5915
予	4D3D	U4e88
余	4D3E	U4f59
与	4D3F	U4e0e
誉	4D40	U8a89
預	4D42	U9810
幼	4D44	U5e7c
容	4D46	U5bb9
庸	4D47	U5eb8
揚	4D48	U63da
揺	4D49	U63fa
擁	4D4A	U64c1
曜	4D4B	U66dc
様	4D4D	U69d8
洋	4D4E	U6d0b
溶	4D4F	U6eb6
用	4D51	U7528
窯	4D52	U7aaf
羊	4D53	U7f8a
葉	4D55	U8449
要	4D57	U8981
謡	4D58	U8b21
踊	4D59	U8e0a
陽	4D5B	U967d
養	4D5C	U990a
抑	4D5E	U6291
欲	4D5F	U6b32
浴	4D61	U6d74
翌	4D62	U7fcc
翼	4D63	U7ffc
羅	4D65	U7f85
裸	4D67	U88f8
来	4D68	U6765
頼	4D6A	U983c
雷	4D6B	U96f7
絡	4D6D	U7d61
落	4D6E	U843d
酪	4D6F	U916a
乱	4D70	U4e71
卵	4D71	U5375
欄	4D73	U6b04
濫	4D74	U6feb
覧	4D77	U89a7
利	4D78	U5229
吏	4D79	U540f
履	4D7A	U5c65
理	4D7D	U7406
略	4E2C	U7565
流	4E2E	U6d41
虜	4E3A	U865c
了	4E3B	U4e86
僚	4E3D	U50da
両	4E3E	U4e21
量	4E4C	U91cf
陵	4E4D	U9675
領	4E4E	U9818
力	4E4F	U529b
塁	4E5D	U5841
涙	4E5E	U6d99
累	4E5F	U7d2f
鈴	4E6B	U9234
隷	4E6C	U96b7
零	4E6D	U96f6
霊	4E6E	U970a
麗	4E6F	U9e97
練	4E7D	U7df4
連	4F22	U9023
錬	4F23	U932c
炉	4F27	U7089
路	4F29	U8def
露	4F2A	U9732
労	4F2B	U52b4
廊	4F2D	U5eca
朗	4F2F	U6717
楼	4F30	U697c
浪	4F32	U6d6a
漏	4F33	U6f0f
老	4F37	U8001
郎	4F3A	U90ce
六	4F3B	U516d
録	4F3F	U9332
論	4F40	U8ad6
和	4F42	U548c
話	4F43	U8a71
賄	4F45	U8cc4
惑	4F47	U60d1
枠	4F48	U67a0
湾	4F51	U6e7e
腕	4F53	U8155
几	515C	U51e0
欹	5D3A	U6b39